,train_loss,train_accuracy
0,2.4957990697667567,26.775949367088607
1,2.0147337595118753,37.98481012658228
2,2.2066486234906355,43.37594936708861
3,3.264972576310363,45.48481012658228
4,3.3131324191636677,44.70379746835443
5,2.8806736270083655,51.31645569620253
6,2.962893759751622,53.734177215189874
7,2.944098095048832,52.78481012658228
8,2.654171925858606,56.32025316455696
9,3.087385640868658,52.42151898734177
